{
    "backend": "django",
    "db_name": "",
    "db_pass": "",
    "db_type": "sqlite",
    "db_user": "",
    "dbms": "1",
    "description": "generated product",
    "design": "material-kit",
    "docker": "1",
    "err_code": 0,
    "frontend": "",
    "heroku": "0",
    "pattern": "mvc",
    "pro": "0",
    "task_id": "1303bc24-d2bb-4dc6-9d2a-d2e84c2ab72c",
    "task_info": "Task is finished",
    "task_output": "1303bc24-d2bb-4dc6-9d2a-d2e84c2ab72c.zip",
    "task_result": "SUCCESS",
    "task_state": "FINISHED",
    "task_ts_end": "2022-05-31-07-49-52",
    "task_ts_start": "2022-05-31-07-49-28"
}